{"cameraMode":{"drawMode":0,"name":"Shaded","section":"Shading Mode"},"sceneLighting":true,"audioPlay":false,"sceneViewState":{"showFog":true,"showMaterialUpdate":false,"showSkybox":true,"showFlares":true,"showImageEffects":true,"showParticleSystems":true,"showVisualEffectGraphs":true,"m_FxEnabled":true},"in2DMode":false,"pivot":{"x":-0.046897172927856448,"y":20.877426147460939,"z":-35.60334777832031},"rotation":{"x":0.0320640504360199,"y":0.042254555970430377,"z":0.001372378901578486,"w":-0.9985916018486023},"size":10.449999809265137,"orthographic":false}