{"cameraMode":{"drawMode":0,"name":"Shaded","section":"Shading Mode"},"sceneLighting":true,"audioPlay":false,"sceneViewState":{"showFog":true,"showMaterialUpdate":false,"showSkybox":true,"showFlares":true,"showImageEffects":true,"showParticleSystems":true,"showVisualEffectGraphs":true,"m_FxEnabled":true},"in2DMode":false,"pivot":{"x":-45.66627883911133,"y":18.060039520263673,"z":-23.890235900878908},"rotation":{"x":-0.09077240526676178,"y":-0.007722449488937855,"z":0.0009476460400037468,"w":-0.9958878755569458},"size":41.14457321166992,"orthographic":false}