{"cameraMode":{"drawMode":0,"name":"Shaded","section":"Shading Mode"},"sceneLighting":true,"audioPlay":false,"sceneViewState":{"showFog":true,"showMaterialUpdate":false,"showSkybox":true,"showFlares":true,"showImageEffects":true,"showParticleSystems":true,"showVisualEffectGraphs":true,"m_FxEnabled":true},"in2DMode":false,"pivot":{"x":-56.86482238769531,"y":18.878910064697267,"z":-53.1334114074707},"rotation":{"x":-0.040106117725372317,"y":0.11255745589733124,"z":-0.0027931518852710726,"w":-0.9923797845840454},"size":8.499980926513672,"orthographic":false}